,ASIN,JAN,商品名
1,B08XLT69Q5,Not found...,maszone 不織布マスク 50枚 使い捨てマスク 超快適マスク マスク 不織布 カラーマスク 可愛いマスク 花柄 柄マスク 保護マスク 大人用サイズ 超立体マスク mask 三層構造 スポーツ マスク 通気性 防塵マスク 男女兼用 お出かけ安心
2,B08X7BMJ2G,Not found...,MASZONE マスク 不織布 50枚 使い捨てマスク カラーマスク 不織布マスク 超快適マスク 三層構造 大人用サイズ 可愛い プリント 花柄 柄マスク 不織布 女性 保護マスク 超立体マスク mask スポーツマスク 貼るマスク 通気性 男女兼用
3,B09FLG4RRD,Not found...,KT kf94　マスク 50枚入り 使い捨て 不織布 4層 カラー 99%カット 大人用 立体構造 男女兼用 飛沫防止 [並行輸入品]
4,B08YX8JL9W,Not found...,マスク 50枚 MASZONE マスク 不織布 使い捨てマスク カラーマスク 超快適マスク 不織布マスク 花柄 保護マスク 立体構造 大人用サイズ 超立体マスク mask スポーツマスク 高密度フィルター レディース 高機能 男女兼用 お出かけ安心
5,B08XMB9KPF,Not found...,maszone 不織布マスク 50枚 使い捨てマスク 超快適マスク マスク 不織布 カラーマスク 可愛いマスク 花柄 柄マスク 保護マスク 大人用サイズ 超立体マスク mask 三層構造 スポーツ マスク 防塵マスク 抗菌防臭 肌にやさしい 男女兼用
6,B09DGP2FTT,Not found...,子供用 マスク KF94マスク MASZONE kf94マスク 50枚 不織布マスク 恐竜 漫画柄 男の子 女の子 マスク 不織布 スポーツマスク こどもマスク 小さめ 使い捨てマスク カラーマスク 立体マスク 超快適マスク 立体構造 通学 ユニセックス子供
7,B09B8S84HC,Not found...,プラスライフ 不織布マスク 接触冷感マスク 肌触り良い カラーマスク ウルトラシルキー
8,B09D3VSJ48,Not found...,マスク 50枚 MASZONE ハロウィン マスク 使い捨てマスク 超快適マスク 不織布マスク 保護マスク クリスマス マスク 大人用サイズ ハロウィーン 柄マスク マスク 不織布 立体マスク mask 三層構造 マスク スポーツ 男女兼用 お出かけ安心
9,B08QMWGRLQ,Not found...,マスク Victorian Mask (ヴィクトリアンマスク) [正規品] [テレビで多数紹介の注目マスク/メガネが曇りにくい/口紅が付きにくい] 不織布 不織布マスク 個別包装
10,B09876ZQ4Z,Not found...,Fkstyle 不織布 マスク 50枚入り 使い捨て カラー
11,B09GP2LK5R,Not found...,【Amazon限定ブランド】【日本製 カラーマスク】 ピンク色 不織布マスク 99%カード 個包装 50枚 日本製 三層構造【九州工場直販】 使い捨てマスク 【日本国内カケンテスト認証済】日本製不織布マスク (ピンク)
12,B08VVV9NTG,4562350980488,使い捨てマスク カラー不織布マスク ふつうサイズ 50枚入グレー
13,B09CDSG9FC,Not found...,マスク 50枚 MASZONE マスク 不織布 ハロウィン 使い捨てマスク 超快適マスク 冷感マスク スポーツマスク 夏用マスク 不織布マスク マスク 冷感 カラーマスク 立体マスク mask 三層構造 マスク スポーツ 防塵マスク 男女兼用
14,B097PBC36H,Not found...,【日本国内検品済】 KF94マスク 個包装 3D立体構造不織布 ダイヤモンド 柳葉型マスク メガネが曇りにくい 口紅が付きにくい 男女兼用
15,B08XWG1MK7,Not found...,maszone マスク 不織布 10/50枚 kf94マスク レースマスク 不織布マスク 使い捨て マスク 超快適マスク 可愛い マスク カラーマスク 保護マスク 大人用サイズ 三層構造 大人用マスク 高密度フィルター 高機能 高度な保護 通気性 レディース
16,B08WWQ1WND,Not found...,マスク 50枚 CHENSEN 使い捨てマスク 不織布マスク 格子柄 花柄 超快適マスク カラーマスク デニム生地縞 保護マスク 三層構造 大人用サイズ 高密度フィルター素材 通気性 立体レギュラーサイズ 超立体 不織布 mask 一次性防護 防塵マスク 飛沫 花粉カット 対策 男女兼用
17,B08VWZVNDC,4562350980556,使い捨てマスク カラー不織布マスク ふつうサイズ 50枚入 ベージュ
18,B0968M491B,Not found...,KF94マスク MASZONE 10枚 レースマスク マスクレース柄 大人用 kf94 マスク 使い捨て 不織布 4層 不織布マスク 衛生マスク 立体マスク 夏用マスク マスク 不織布 男女兼用 高性能 風邪予防 耳が痛くならないマスク
19,B08WWLC5ZV,Not found...,CHENSEN マスク 50枚 使い捨てマスク 不織布マスク 格子柄 花柄 デニム生地縞 超快適マスク カラーマスク 保護マスク 三層構造 大人用サイズ 高密度フィルター素材 通気性 立体レギュラーサイズ 超立体 不織布 mask 一次性防護 防塵マスク 飛沫 花粉カット 対策 男女兼用
20,B09GP9LV8F,Not found...,【Amazon限定ブランド】【日本製】 黒 ネイビー 不織布マスク 99%カード 個包装 50枚 日本製 三層構造【九州工場直販】 使い捨てマスク 【日本国内カケンテスト認証済】日本製不織布マスク
21,B099YYZ92S,Not found...,【全国マスク工業会会員】 マスク 不織布 血色 カラーマスク 50枚入 肌に優しい 柔らか・快適 9色選べ ファッションマスク 3層構造 高密度フィルター 耳が痛くなりにくい ふつうサイズ 男女兼用
22,B08TX1GQFC,Not found...,マスク 不織布 使い捨てマスク 50枚 マスク 小さめ 子供用マスク かわいい 男の子 女の子 3層構造 漫画柄 可愛い キッズマスク 不織布マスク 防塵マスク 立体マスク 飛沫防止99% PM2.5 花粉対策 お出かけ安心 通気性 息しやすい 夏 冬通学 通勤
23,B099RDYY9R,Not found...,プラスライフ 不織布マスク
24,B08ZCLQLYL,Not found...,maszone レースマスク 50枚 マスク 不織布 使い捨てマスク 超快適マスク レース柄 不織布マスク スポーツマスク 大人用サイズ 超立体マスク mask 大人用マスク 三層構造 高密度フィルター 通気性 防塵マスク マスク お洒落 男女兼用
25,B097L564X8,Not found...,不織布マスク 接触冷感 50枚入り 普通サイズ 使い捨て 冷たい 三層構造
26,B08SHJ67X6,Not found...,マスク 50枚 不織布マスク 3層構造 レースマスク レース柄 使い捨て 飛沫防止 花粉対策 防護マスク 防塵マスク CHENSEN
27,B09CKRKGWV,Not found...,MASZONE ハロウィン マスク 使い捨て 50枚 不織布マスク スポーツマスク クリスマス マスク 不織布 使い捨てマスク 冷感マスク カラーマスク 超快適マスク 防塵マスク 三層構造 mask 立体マスク 高密度フィルター 保護マスク 高機能 男女兼用
28,B09GP3F1XB,Not found...,【Amazon限定ブランド】【日本製 カラーマスク】 不織布マスク 99%カード 個包装 50枚 日本製 三層構造【九州工場直販】 使い捨てマスク 【日本国内カケンテスト認証済】日本製不織布マスク
29,B092MQQM2J,Not found...,マスク 不織布 50枚 MASZONE 使い捨てマスク 夏用マスク スポーツマスク 不織布マスク カラーマスク 花柄 柄マスク 超快適マスク 大人用サイズ 三層構造 冷感マスク 立体型マスク スポーツ用 耳が痛くない 男女兼用 防塵マスク
30,B09HH9BTNY,Not found...,柔らかく 3層不織布製
31,B08XM2DS8Z,Not found...,maszone 不織布マスク 50枚 おもしろマスク 使い捨てマスク 超快適マスク マスク 不織布 カラーマスク 可愛いマスク 柄マスク 保護マスク 大人用サイズ 超立体マスク mask 三層構造 スポーツ マスク 通気性 お洒落 男女兼用 お出かけ安心
32,B08XMCZ4RM,Not found...,maszone 不織布マスク 50枚 使い捨てマスク 超快適マスク マスク 不織布 カラーマスク 可愛いマスク 花柄 柄マスク 保護マスク 大人用サイズ 超立体マスク mask 三層構造 スポーツ マスク 通気性 一次性防護 防塵マスク 通勤 男女兼用
33,B08XZMYYSY,Not found...,マスク 不織布 50枚 maszone 使い捨てマスク 不織布マスク 超快適マスク 可愛いマスク 花柄 カラーマスク 超立体マスク 保護マスク 大人用サイズ 超立体マスク 多色 超立体 mask スポーツ マスク 密度フィルター 男女兼用 お出かけ安心
34,B09H2WKT2Q,Not found...,使い捨てマスク カラー不織布マスク ふつうサイズ 50枚入 ピンク
35,B08WXD4DV3,Not found...,【血色マスク】2色入り50枚 カラーマスク 血色 不織布 おしゃれ 個包装 使い捨て
36,B08RHT6CJX,Not found...,マスク 黒 白 50枚 chensen 使い捨てマスク 不織布 チョウ柄 夏用 3層構造 パターン 柄物 通気性 超快適マスク 超立体 防塵マスク パターン 不織布マスク 夏用マスク 大人用 レディース メンズ マスク 男女兼用 通勤 お出かけ安心
37,B09DLB1897,Not found...,マスク 子供たち 50/100枚 使い捨てマスク 夏用 3層構造 不織布 通気性 超快適マスク 超立体 恐竜子ども 防塵マスク 夏用マスク 子供 男女兼用 By MASZONE
38,B08WWZGP4V,Not found...,マスク 50枚 CHENSEN 使い捨てマスク 不織布マスク 格子柄 花柄 超快適マスク カラーマスク 保護マスク 三層構造 大人用サイズ 高密度フィルター素材 通気性 立体レギュラーサイズ 超立体 不織布 mask 一次性防護 防塵マスク 飛沫 花粉カット 対策 男女兼用
39,B095J1ZM35,Not found...,マスク 50枚 maszone 使い捨てマスク 不織布マスク スポーツマスク アイリスオーヤマ マスク 網の糸 花柄 柄マスク マスク 不織布 大人用サイズ 不織布3層式 超快適マスク マスク スポーツ 夏用マスク 防塵マスク 男女兼用
40,B08WCWTCBP,Not found...,CHENSEN マスク 使い捨てマスク 50枚 不織布マスク カラーマスク 超快適マスク カラー レースマスク 保護マスク 大人用サイズ レース柄 大人用マスク 不織布 三層構造 mask 高密度フィルター レディース メンズ 通気性 防塵 風邪 花粉対策 通学 通勤 職場 お出かけ安心
41,B00C2L5I4I,Not found...,18金 イニシャルペンダント Eデザイン 10金チェーン K18 K10
42,B00C2L3PIE,Not found...,18金 イニシャルペンダント Nデザイン 10金チェーン K18 K10
43,B0096YV34I,Not found...,１８金 ペンダント K18 １０金 ネックレス K10 イニシャル ペンダント yデザイン YG
44,B07HCDMSCG,Not found...,Ross-Simons 8.5-9mm 養殖真珠と0.10 ct. t.w.ダイヤモンドパンサーイヤリング 18kゴールドオーバー スターリング
45,B005HT00D6,Not found...,18金 ネックレス キヘイ ２面カット 喜平 チェーン 50cm 10g K18
46,B005BOQ5BI,Not found...,18金 ネックレス 喜平 チェーン K18 シンプル ２面カット キヘイ 60cm 10.1g
47,B08Y6ZYBQ4,4570072101036,(※総販売元：YOURshop ※販売代理店：SHOP me その他の出品者の商品にはご注意ください)【産地直送輸入】【台湾応援】台湾産 金鑽パイン 台農17号 10kg パイナップル 糖度18度【3月下旬入荷！検品後順次出荷予定】
48,B007ZBBX6M,Not found...,【KASHIMA】K18ホワイトゴールド 0.2ct パライバトルマリン ダイヤ取巻 ペンダント ネックレス
49,B00N96V57Y,Not found...,K18 アウイナイト アウイン リング 18金 ゴールド ホワイトゴールド デザインリング 人気ファッションモデル 坂地久美さんオリジナルリング 18金
50,B01H6DMU06,Not found...,天然砥石 さゞれ銘砥
51,B01LXUK6V9,Not found...,VXM-155VFNi 対応 10.1インチ フリップダウンモニター 国産車対応配線モデル 軽量/豪華特典/12V 【ホンダ DOP】
52,B01LY66X78,Not found...,VXM-165VFNi 対応 10.1インチ フリップダウンモニター 国産車対応配線モデル 軽量/豪華特典/12V 【ホンダ DOP】
53,B08175FYM1,Not found...,VIVO 18インチ オフィスマウント スライド式 机下引き出し引き出し | 座りから立ち作業用ストレージオーガナイザー
54,B07ZGLSC6X,Not found...,3点セット コスメポーチ 化粧ポーチ 大容量 トラベルポーチ 小物入れ レディース バニティ
55,B07VSRFDC3,Not found...,Lanmi 人気 天然石 リング エメラルド 婚約指輪 レディース K18 ピンクゴールド
56,B0794ST9W9,Not found...,2017年ドナルド・トランプゴールドコイン45th大統領、ノベルティCollectors Edition 24 KTゴールドメッキ記念コイン& Display Case by etradewinds (2017 )
57,B01M04F9N0,Not found...,VXM-152VFi 対応 10.1インチ フリップダウンモニター 国産車対応配線モデル 軽量/豪華特典/12V 【ホンダ DOP】
58,B01LX73MO4,Not found...,VXM-122VF 対応 10.1インチ フリップダウンモニター 国産車対応配線モデル 軽量/豪華特典/12V 【ホンダ DOP】
59,B07BZNJ8N9,Not found...,YGJT ベビー バランス バイク 自転車 ベビー ウォーカー おもちゃ 1歳 男の子 女の子 10ヶ月 - 24ヶ月 赤ちゃんの初めての自転車 誕生日プレゼント
60,B01LZH1D5M,Not found...,VXH-108VFi 対応 10.1インチ フリップダウンモニター 国産車対応配線モデル 軽量/豪華特典/12V 【ホンダ DOP】
61,B01N18RH80,Not found...,HONDA　DUNK　ダンク　AF78　マットシルバー　５０ｃｃ　国内モデル・新車乗出し価格
62,B01LYTO66H,Not found...,VXH-072CV 対応 10.1インチ フリップダウンモニター 国産車対応配線モデル 軽量/豪華特典/12V 【ホンダ DOP】
63,B01LZ5CCNJ,Not found...,VRM-155VFi 対応 10.1インチ フリップダウンモニター 国産車対応配線モデル 軽量/豪華特典/12V 【ホンダ DOP】
64,B01LYHUVT8,Not found...,VXM-105CF 対応 10.1インチ フリップダウンモニター 国産車対応配線モデル 軽量/豪華特典/12V 【ホンダ DOP】
65,B06XZJ7XKN,Not found...,スリングバッグ カメラショルダーバッグ カメラバック 一眼レフ K&F Concept
66,B0946CYGHP,Not found...,【Laulea Akoakoa】 レディース ブラジャー ブラ ショーツ 上下 セット 女性 下着 レース セクシー 可愛い
67,B013JEZQ34,Not found...,[バンズ] スニーカー メンズ VN-0EYENVY-U [並行輸入品]
68,B089D91TNG,Not found...,【Laulea Akoakoa】 レディース ブラ ブラジャー ショーツ 上下 セット 刺繍 派手 パステル カラー 女性
69,B07NWB32KS,Not found...,「新入荷☆彡春夏秋必殺技」ワンピース レディース スカートハンガー 無地 癒され系 ナチュラル 体型カバー ゆったり シンプル デート 発表会 お呼ばれ おしゃれ 20～60代（HAMAMISE）
70,B09F8RT6DG,Not found...,【Smile LaLa】 レディース ブラジャー ブラ ショーツ 上下 セット 女性 下着 レース 脇高 脇肉 寄せる
71,B08RD8F2P6,Not found...,雛人形 ひな人形 平安義正 収納飾り
72,B018E9N2F8,Not found...,最高級 天然タラバガニ 足 極太サイズ たらば蟹 約2kg
73,B07DTVC1BY,Not found...,[バンズ] ハイトップ VN0A38EMU5O [並行輸入品]
74,B071P5CX7B,Not found...,DRESHOW HAT レディース
75,B08XX7QNW2,Not found...,[シュバリアン] 新生活応援 ボクサーパンツ メンズ 8～10枚セット 通常価格の1000～2000円引き福袋 収納用トラベルバッグ付
76,B07221HBXL,Not found...,GISELLE コスメポーチ 化粧ポーチ トラベルポーチ 大容量 機能的 コンパクト 小さめ ミニ レディース 持ち運び パフューム 香水柄 花柄 クリア 透明 バニティ 3点セット
77,B07N2XNMRL,Not found...,VOWINLLE人毛100 部分ウィッグ レディースポイントウィッグ、自然 つむじ 医療用 手植え ウィッグ、白髪隠し 脱毛隠し 髪量増加 １０歳に若くなる部分ウィッグ
78,B086PWT7L7,Not found...,[クロックス] サンダル クロックバンド クロッグ 11016 (旧カラー)
79,B017N8JAGQ,Not found...,特大 天然ボイル 極上 タラバガニ 足 3L～4Lサイズ たらば蟹 約2kg
80,B01HTWUT20,Not found...,Zando 女の子用 レギンスパンツ 伸縮素材 心地よいコットン素材 カラフルな 伸縮自在 足つき タイト
81,B07BPBM4Z5,Not found...,(Make 2 Be) メンズ レディース スニーカー 軽量 ランニング ジョギング 衝撃緩和 スポーツ 通学 防水 MF73
82,B019D6OASY,Not found...,【TMD】クリスマス ニーハイ ストッキング タイツ コスプレ/Xmas
83,B00SKPP6C4,Not found...,iphone6 / 6 plus　超軽量 耐衝撃 ハード ケース / カバー アイフォン スマホ アルミ お手入れシート付き【Willcast】
84,B019D61I0C,Not found...,【TMD】 赤ずきん 風 サンタ 衣装 コスプレ／クリスマス タトゥーシール 付 セット
85,B01DSRYX04,Not found...,(ハバーサック) HAVERSACK 30%OFF!! ラミーポプリンプルオーバーシャツ(821552)
86,B01DSUPWBA,Not found...,(ハバーサック)HAVERSACK 30%OF!! 40/20裏毛スウェットパンツ(861550)
87,B01DSR2ZT0,Not found...,(ハバーサック) HAVERSACK 【50%OFF!】スーピマカノコポロシャツ(811240)
88,B07T632JNM,Not found...,レンコス（Lemcos） 短パン ストレッチ ショート ホット パンツ ゆったり かわいい ボトムス カジュアル レディース 2019夏の女性のセクシーなショートパンツカジュアルビーチショーツ快適なソリッドショートパンツ
89,B019D67OLY,Not found...,【ＴＭＤ】トナカイ ツノ 付 コスプレ 衣装 Xmas/クリスマス タトゥーシール 付 セット
90,B07Q2W234Y,Not found...,Joy2016 遮光カーテン テラススライドドア用 幅広 ダブルウィンドウ用カーテン 断熱 エネルギー効率 寝室の装飾用
91,B07T64M3H8,Not found...,レンコス（Lemcos） レディース ショート パンツ ウエスト ゴム ゆったり ポケット 付き ハイウエスト サイド ライン ショーパン 薄手 女性のためのサマーショーツカジュアルショーツビーチショーツスポーツショーツパンツ
92,B07SVYQHNL,Not found...,レンコス（Lemcos） レディース パンツ ショート ビーチ パンツ 海パン ボードショーツ 女性 ガールズ 短パン スイムトランクス 水泳 スイミング 夏のビーチショーツトレーニングジムスポーツパンツセクシーなホットパンツカジュアル
93,B07T6T9426,Not found...,レンコス（Lemcos） ショート パンツ レディース ホットパンツ カジュアル 夏 きれいめ おしゃれ 人気 女性用ランニングショーツカジュアルスポーツパンツショーツビーチフィットネスショーツ夏用ショートパンツ
94,B00T6MV7UA,Not found...,iphone6 / 6 plus 耐衝撃 コンポジット ケース / カバー アイフォン スマホ【Willcast】
95,B019D5UBGK,Not found...,【TMD】 ロング丈 サンタ マント 衣装 クリスマス/コスプレ タトゥーシール 付 セット
96,B00SZF38J2,Not found...,iphone6 / 6 plus ラグジュアリー ケース / 背面 カバー アイフォン スマホ 【Willcast】
97,B07TSHXBN7,Not found...,中世ヨーロッパ ワンピース ステージ衣装 レディース ロングドレス Hosam レトロ 中世プリンセス メイド服 コスプレ エレガント 貴族 魔女 コスチューム 宮廷服 白 ロリータ 演劇 忘年会 パーティー ダンス 舞台 余興 コスチューム 大きいサイズ
98,B00SZ9TESC,Not found...,iphone6 / 6 plus ROCK　耐衝撃 ハード ケース / スマホ アイフォン カバー　【Willcast】
99,B07T53H8C1,Not found...,レンコス（Lemcos） レディース ショートパンツ 女性 スリムフィット ワイルド セクシー 短パン ンズとショートパンツ 可愛い人気 女性の夏のカジュアルショーツ快適なビーチショーツヨガホットショーツ
100,B00T71QIH2,Not found...,PARIS デザイン アメカジ パーカー / メンズ　【Willcast】レザーブレスレット付き
101,B08H7Z3P3Y,Not found...,極早生みかん
102,B07YMK5J8G,Not found...,伊藤農園 特選有田 みかん 小玉 中玉 大玉 ミックス Sサイズ Mサイズ Lサイズ
103,B08T1S5DBS,Not found...,こつぶちゃん
104,B082F5GWBH,Not found...,愛媛 みかん 訳あり 甘い 温州 蜜柑 家庭用 愛媛県 産地直送 柑橘 規格外 箱入り
105,B079SSGC4H,Not found...,伊藤農園 旬 柑橘 みかん 福袋 小玉 中玉 大玉 4キロ
106,B07JK42WK5,Not found...,Ground village 愛媛産みかん
107,B079Z25Y8K,Not found...,ポンカン
108,B01N5CADG4,Not found...,みため△おいしさ◎ 小玉みかん 10㎏【S～2S】 清家ばんかんビレッジ 愛媛県産
109,B0758SSKN9,Not found...,「訳あり幸水3×4」訳あり 愛媛産 幸水梨 12kg　クール便配送
110,B079WRCL7B,Not found...,伊藤農園 みかん いよかん 小玉 中玉 大玉 ミックス sサイズ～Lサイズ 箱詰め
111,B014K8XOG4,Not found...,「訳あり豊水梨3×2」梨 豊水 訳あり 愛媛産 豊水梨 6kg (3kg×2箱)
112,B014K8XMTS,Not found...,「訳あり豊水梨3」梨 豊水 訳あり 愛媛産 豊水梨 3kg
113,B014K8XL4Y,Not found...,「訳あり豊水梨3×4」梨 豊水 訳あり 愛媛産 豊水梨 12kg (3kg×4箱)
114,B09GLZ8GC1,Not found...,[1/2plus(ニブンノイチプラス)] ジップ アップ パーカー 裏 起毛 無地 カラー きれいめ カジュアル カーディガン レディース
115,B09GLW7XGL,Not found...,[1/2plus(ニブンノイチプラス)] 大人 ゆったり コクーン フード グランド ミリタリー コート レディース
116,B09HTMG12Z,Not found...,[ニブンノイチスタイル] 1/2style 大きめ ビジネス ショート 丈 トレンチ カジュアル コート レディース
117,B09GLYQX9M,Not found...,[1/2plus(ニブンノイチプラス)] 大人 オシャレ 春 秋 冬 カラー モッズ フード コート レディース
118,B07J23XB1Q,Not found...,[ハッピー ホヌ] ハイライズ ストレッチ ツイル パンツ 大きいサイズ M ~ 4L レディース
119,B01HRLGMFQ,Not found...,(メイク トゥ ビー) Make 2 Be メンズ カジュアル ポロシャツ ゴルフ MF27
120,B0978X3R6D,Not found...,[Minato] 3D 壁紙 無地 レンガ ウォールステッカー 70cm×77㎝ 軽量レンガシール 壁紙シール 自己粘着 防水 DIY シール リメイク シート
121,B076V95SRH,Not found...,[シュバリアン] 男女兼用 フード ジップアップ ウィンドブレーカー
122,B07BPBM4Z5,Not found...,(Make 2 Be) メンズ レディース スニーカー 軽量 ランニング ジョギング 衝撃緩和 スポーツ 通学 防水 MF73
123,B07V8SX4SY,Not found...,ハイキングシューズ レディース メンズ Hosam 登山靴 トレッキングシューズ 男女兼用 防滑 ウォーキングシューズ メッシュ 滑りにくい 軽量 ウォーキング ランニング スポーツシューズ 運動 通気性 スニーカー 厚底 耐摩耗性 ハイシューズ 男女兼用
124,B07V29NXV2,Not found...,美脚 スリッポン スニーカー レディース 厚底 おしゃれ 大きいサイズ 厚底スリッポン ャンバス 靴 わいい 軽い 黒 軽量 通気性 厚底スニーカー レディース ダッドシューズダッドスニーカー 厚底 スニーカー レディースシューズ 厚底シューズ
125,B0978Y484D,Not found...,[Minato] フローリング タイルシール 60㎝×30㎝ 床材 リフォーム 軽量レンガシール 壁紙シール 自己粘着 防水 DIY シール リメイク シート
126,B07V6H31GT,Not found...,スニーカー レディース 厚底 スリッポン シューズ 靴 軽量 ランニングシューズ かわいい スポーツ 無地 レディース メンズ 靴 厚底 スニーカー スウェット素材スポーツタイプスニーカー キャンバス スニーカー レースアップ ローカット 靴 婦人靴
127,B07V2FVR33,Not found...,フィットネスシューズ レディース 人気 ジム スニーカー Hosam ウォーキング ランニングシューズ メッシュ 軽量 クッション性 カジュアル トレーニングシューズ スポーツシューズ 運動 靴 防滑 柔軟 軽量 おしゃれ 女性 学生 日常着用 通勤 通学
128,B07BRW4TYZ,Not found...,キッズ シューズ 子供 くつ スエード ローファー 靴底 滑り止め 仕様
129,B07V7JVVB4,Not found...,レースアップシューズ Hosam 厚底スニーカー 白 キャンバス スニーカー レディース 靴 くつ 婦人靴 ベーシックスニーカ 白スニーカー 歩きやすい シューズ カジュアル 靴 軽量 歩きやすい 軽い 超軽量 春 夏 秋 冬 ユニセックス 男女兼用
130,B09JFPFTLH,Not found...,Eyeemo 24pcs ジェルネイル セット ネイルシール 手用 剥がせるジェルネイル セルフネイル DIY 速乾 ピンク ネイル 人気 デザイン 損傷のない フラワー 全面シール 上級 ジェルネイル マニキュア カラフル ジェルネイル クリスマス 飾り
131,B07V29PH4H,Not found...,厚底 スニーカー レディース オールシーズン レースアップ ハイソール 軽量 厚底スニーカー ローカット カジュアルシューズ レースアップ ダッドスニーカー 婦人靴 女性用 靴 くつ レディースシューズ 韓国 可愛い かわいい おしゃれ 2019 春 夏
132,B07V6L8S2B,Not found...,ランニングシューズ 超軽量 かわいい レディース メンズ スポーツ スニーカー 婦人 女性 シューズ フライニット スニーカー 靴 女性用 カジュアル ランニング ジョギング 初心者ローカット フィットネス ジム 軽量 軽い おしゃれ ギフト プレゼント
133,B07V24NQ9C,Not found...,スニーカー シューズ Hosam カジュアル 靴 軽量 歩きやすい 履きやすい スリッポンスニーカー 超軽量スウェット素材スポーツタイプスニーカー キャンバス 靴 ぺたんこ ローカット ダッドスニーカー 女性用 婦人靴 くつ おしゃれ 大きいサイズ
134,B07V4FQ41Y,Not found...,軽量 メッシュ スニーカー ローカット スリッポン 痛くない スポーティー ランニング 厚底 リップオン シューズ 靴 ジム フィットネス ランニングシューズ 超軽量 かわいい レディース メンズ 靴 靴 婦人靴 くつ 通学 仕事 厚底スニーカー
135,B08HV74KT1,Not found...,Sayolala 10/20/50枚 大人用 使い捨て フェイスカバー 3層 コットンフェイス バンダナ クリスマスパターン 顔保護
136,B07V2GH2QD,Not found...,スニーカー レディース ハイキングシューズ 登山靴 滑りにくい 軽量 ウォーキング ランニング スポーツシューズ 水陸両用 超軽量 通気性 ウォーターシューズ 屈曲性 速乾 トレッキングシューズ ウォーキング ハイカー 登山靴 フィットネス スポーツ 運動
137,B014YA6MJ4,Not found...,ピンポン 玉 卓球 ボール 玩具 スポーツ （蓄光）
138,B07V2FPD8W,Not found...,スニーカー メンズ レディース 厚底スニーカー Hosam 軽量 カジュアル カップルシューズ 通気 オシャレ スリッポン デッキシューズ 運動靴 ランニングシューズ 人気 スポーツ レースアップ シューズ カップル靴 履きやすい 通学 通勤 男女兼用
139,B07V3L8MSG,Not found...,レースアップ レディース 厚底スニーカー Hosam カジュアルシューズ スリッポン 弾性布 ウォーキングシューズ おしゃれ スニーカー 軽量 通気性 歩きやすい 履きやすい ランニングシューズ 運動靴 トレーニングシューズ クッション 厚底シューズ 日常着用
140,B07V29QTVF,Not found...,韓国 レディース 靴 Hosam ファッション キラキラ 厚底 スニーカー ハイカット 白い靴スニーカー 光沢 ウェッジソール ウォーキングシューズ カジュアルシューズ 婦人靴 編み上げ タッズ 可愛い 美脚効果 厚底靴 通気性 軽量 歩きやすい 白 黒
141,B07XVCZTWG,Not found...,QueenMM 暖かいスノーブーツ 冬用 アンクルブーツ ファーライニングブーツ 防水 厚手 快適なシューズ レディース メンズ
142,B07SVBP47N,Not found...,RRLINEN 寝具 スプリット5ピースベッドシーツセット 76.2cm ディープポケット ダブルフィットシーツ 100%コットン ベッドスプリットシーツセット
143,B07V4FPKX6,Not found...,スニーカー レディース レースアップ シューズ 痛くない スポーツ ランニング ウォーキング ジョギング ローカット 靴 おしゃれ 超シューズ 靴 軽量 軽い 低反発 スリッポン スニーカー 女性 ローカット ハイカット スポーツ 通学 学校 運動 通勤
144,B07YQGPXW9,Not found...,iHHAPY Woomen's フード付きジャケット レインコート 冬用コート 防水ウィンドブレーカー 無地 機能ジャケット ファスナーとポケット付き
145,B014Y8QZWA,Not found...,ピンポン 玉 卓球 ボール 玩具 スポーツ （オレンジ）
146,B07V2FY5S2,Not found...,スニーカー レディース 厚底 ランニングシューズ Hosam レースアップ シューズ 軽量 メッシュ ローカット スリッポン フラット 女性 カジュアル 靴 学生 痛くない 履きやすい 歩きやすい スポーツ ウォーキング ジム フィットネス 通学 仕事
147,B09JGLDV1D,Not found...,新しい ジェルネイル セット 韓国 人気 24枚&のりでx1 ジェルネイルキット 剥がせるジェルネイル ネイルシール ジェルネイル 貼るだけ ピンク ネイル 人気 デザイン 損傷のない DIY ジェルネイル マニキュア 速乾 ジェルネイル クリスマス 飾り
148,B07Y58S37R,Not found...,LONGDAY-Women Tops DRESS レディース
149,B086JZ3D2R,Not found...,Oldlover-レディースカジュアルルーズカラーブロック長袖恐竜パーカー プルオーバートップス フード付きスエットシャツ 10代の女の子用
150,B07V2FJ2NK,Not found...,レディース スニーカー ローカット 靴 Hosam 新番 韓流 キャンバススニーカー 花柄 レースアップ カジュアルシューズ 厚底 インヒール 美脚 スリッポン キャンバスシューズ 通気性 軽量 女性靴 おしゃれ 可愛い着やすい ウォーキング 運動 シューズ
151,B07V2FQLV8,Not found...,スニーカー ランニングシューズ 運動靴 レディース カジュアル 運動靴 軽量 通気 スポーツシューズ ジョギングシューズ ウォーキングシューズ トレーニングシューズ フィットネスシューズ 履きやすい フィットネス ジョギング 通勤 通学 日常着用
152,B07ST8X8SP,Not found...,RRLINEN 寝具 スプリット5ピースベッドシーツセット 60.96cm ディープポケット ダブルフィットシーツ 100%コットン ベッドスプリットシーツセット
153,B09JGMHSH4,Not found...,新しい 2021 ジェルネイル 8ml 剥がせるジェルネイル ウォームグラディエントジェルネイル 韓国 人気 スカイシリーズ ジェルネイルセット 速乾タ イプ カラフル ジェルネイル ガールズマニキュアサロンDIYアットホーム クリスマス ハロウィン 飾り
154,B097PBC36H,Not found...,【日本国内検品済】 KF94マスク 個包装 3D立体構造不織布 ダイヤモンド 柳葉型マスク メガネが曇りにくい 口紅が付きにくい 男女兼用
155,B09FLG4RRD,Not found...,KT kf94　マスク 50枚入り 使い捨て 不織布 4層 カラー 99%カット 大人用 立体構造 男女兼用 飛沫防止 [並行輸入品]
156,B09D691F8R,Not found...,【10枚入り】 KF94 不織布 マスク 99%カット メガネが曇りにくい/呼吸がしやすい/4層立体構造
157,B09DGP2FTT,Not found...,子供用 マスク KF94マスク MASZONE kf94マスク 50枚 不織布マスク 恐竜 漫画柄 男の子 女の子 マスク 不織布 スポーツマスク こどもマスク 小さめ 使い捨てマスク カラーマスク 立体マスク 超快適マスク 立体構造 通学 ユニセックス子供
158,B09FXDNYQJ,Not found...,マスク 不織布マスク KF94マスク 3D 立体 Mask KF94 個包装 ホワイト 30枚入 4層構造 使い捨て 不織布 PM2.5対応 UVカット 防塵 花粉
159,B09439FXYG,Not found...,kf94 マスク 同型 立体マスク 正規品 3dマスク 不織布 小顔 4層構造 個包装 使い捨て メガネが曇りにくい 呼吸しやすい 口紅に付かない 耳が痛くならない ピンク ベージュ
160,B09FL6VLKJ,Not found...,SHINPUR 4層 血色マスク 不織布 大人用 子供用 kf94 以上 韓国 カラー スポーツ 立体 息がしやすい 使い捨て
161,B0968M491B,Not found...,KF94マスク MASZONE 10枚 レースマスク マスクレース柄 大人用 kf94 マスク 使い捨て 不織布 4層 不織布マスク 衛生マスク 立体マスク 夏用マスク マスク 不織布 男女兼用 高性能 風邪予防 耳が痛くならないマスク
162,B09B31QK5Z,Not found...,KF94 不織布 マスク 99%カット メガネが曇りにくい/口紅が付きにくい/呼吸がしやすい/4層立体構造
163,B094CMJ1M8,Not found...,KF94 マスク 個包装 4層構造 大きめ 使い捨て 不織布 マスク ウイルス飛沫対策 50枚 日本の品質
164,B09DPFYCFQ,4571588984014,立体マスク 普通サイズ 大人用 個別包装 柳葉型 KF94型 30枚 不織布マスク ホワイト
165,B09D64RMB4,Not found...,KF94 不織布 マスク 99%カット メガネが曇りにくい/口紅が付きにくい/呼吸がしやすい/4層立体構造 10枚入り
166,B09BNV4XLF,Not found...,MEDIK Jway KF94 高性能3層フィルターマスク 使い捨て 不織布 立体3Dマスク PM2.5 飛沫 花粉 MCH-KF94-JP
167,B0986XZCBR,Not found...,Lelotte 接触冷感 KF94マスク 30枚 / 50枚入 不織布マスク 小さめ 立体 冷感マスク コリアフィルターマスク 不織布 4層 フィルター 高性能
168,B09DK9271S,Not found...,【KF94 週末限定 10％OFF】 【50枚】 KF94/KFADマスク K-ガードラボ 不織布4層/3層フィルターマスク 個別包装 ホワイト 大人用 韓国製
169,B08XWG1MK7,Not found...,maszone マスク 不織布 10/50枚 kf94マスク レースマスク 不織布マスク 使い捨て マスク 超快適マスク 可愛い マスク カラーマスク 保護マスク 大人用サイズ 三層構造 大人用マスク 高密度フィルター 高機能 高度な保護 通気性 レディース
170,B09HZ6HDZ5,Not found...,KF94 マスク 正規品 韓国マスク 韓国製 50枚 15枚 5枚 KF94マスク Dr.P＆L 女性用 安い 本物 立体 不織布
171,B093Q4P518,8809740190017,KF94 3D立体型マスク【50枚入り】 個別包装 4層構造 高機能性 韓国製 不織布マスク 衛生マスク 花粉症 使い捨て
172,B08X9WVGGY,Not found...,KF94 エアウォッシャー4層構造マスク 10枚／30枚 ／50枚 韓国大手LG製 個別包装 飛沫防止
173,B09GRTNY5R,Not found...,KF94マスク CHENSEN 50枚 レースマスク マスクレース柄 大人用 kf94 マスク 使い捨て 不織布 4層 不織布マスク 衛生マスク 高機能 高度な保護 立体マスク 立体構造 男女兼用 多色 飛沫防止 防塵 花粉症 ウイルス対策 Mask マスク 口紅が付きにくいタイプ
174,B09BHDH82V,Not found...,KF94マスク 個包装 3D立体構造 高い捕集率 口紅が付きにくい レギュラーサイズ ホワイト 不織布マスク お出かけ安心 男女兼用
175,B09G5PG1R1,4580710580352,"SIMPLE SMILE KF94 4層式マスク 30枚 個包装 不織布 立体構造 大人用 (ライトピンク, 普通サイズ)"
176,B0964YF5Z7,Not found...,【個包装】KF94型 高機能 4層構造 不織布マスク 3D立体マスク 30枚入 耳が痛くなりにくい 平紐タイプ 不織布 高性能 大人ふつうサイズ 男女兼用
177,B09G5N7VQV,4580710580444,"SIMPLE SMILE KF94 4層式マスク 30枚 個包装 不織布 立体 子供用 (シュプリンクピンク, 小さめサイズ)"
178,B09H4JWK1K,Not found...,KF94マスク 韓国マスク 正規品 普通サイズ 少し小さめ 小さめ KF94 マスク 子供用 大人用 立体 小顔 韓国製 skycare skybio 10枚 30枚 100枚 セット 不織布 高機能 個包装 白 3D加工 口紅が付きにくい 本物 息がしやすい
179,B09G5XV9P6,4580710580475,"SIMPLE SMILE KF94 4層式マスク 30枚 個包装 不織布 立体 大人用 (カーキ30枚組, 普通サイズ)"
180,B09HHDN8FS,Not found...,MEDIK
181,B0928G54XX,Not found...,HAPPYDAY KF94マスク 子供用 4層構造 高機能性 不織布マスク 衛生マスク 小型 白 立体構造 使い捨て 柳葉型マスク 韓国製
182,B09DPD5ZM8,Not found...,ALLONE 個包装 柳葉型 KF94型 30枚/60枚/150枚 不織布マスク 普通サイズ 広耳タイプ耳紐 大人用
183,B09HBYZC1Z,Not found...,"SIMPLE SMILE KF94 高性能フィルターマスク 30枚 個包装 不織布 立体 子供用 (グレー30枚組, 小さめサイズ）"
184,B08XXZCGXM,Not found...,kf94マスク MASZONE マスク 不織布 カラーマスク 超快適マスク 不織布マスク 保護マスク 立体構造 大人用サイズ 魚型マスク 不織布 超立体マスク mask 大人用マスク 衛生マスク 在庫あり 多色 高密度フィルター 通気性 通勤 お出かけ安心
185,B09G69SNDG,4580710580413,"SIMPLE SMILE KF94 高性能フィルターマスク 30枚 個包装 不織布 立体 大人用 (グレー, 普通サイズ)"
186,B09G5KVDKQ,4580710580390,"SIMPLE SMILE KF94 4層式マスク 30枚 個包装 使い捨て 不織布 立体 大人用 (スカイ, 普通サイズ)"
187,B08YYV56RF,Not found...,HAPPYDAY KF94マスク 10枚/25枚入り 黒 ブラック 4層構造 高機能性 不織布マスク 衛生マスク 大型 白 立体構造 使い捨て 柳葉型マスク 韓国製
188,B09DXY9P5C,4571214072078,[Amazon限定ブランド]Beakers KF94マスク 20枚 個包装 （ 不織布 4層構造 韓国製 BFE.PFE.VFE試験済 使い捨て マスク 立体3Dマスク ホワイト 高機能 KF94 ）
189,B09G5MSSTG,4580710580376,"SIMPLE SMILE KF94 高性能フィルターマスク 30枚 血色 不織布 大人用 (ホワイト, 普通サイズ)"
190,B09CPXWRQ8,Not found...,KF94 マスク 30枚入 個包装 4層構造 使い捨て 不織布マスク 【日本国内再度検品済】　血色 カラーマスク　メガネが曇りにくい 男女兼用　立体 ファッションマスク
191,B099YCZLJ8,Not found...,KF94 マスク 25/50/75/100 不織布 ホワイト 4層フィルター 立体構造 韓国製 大人用
192,B095SB2854,Not found...,Lelotte KF94マスク 30枚入 / 50枚入 不織布マスク コリアフィルターマスク 不織布 4層 フィルター 高性能 韓国マスク 男女兼用
193,B0928GP5XW,Not found...,HAPPYDAY KF94マスク 4層構造 高機能性 不織布マスク 衛生マスク 大型 白 立体構造 使い捨て 柳葉型マスク 韓国製
194,B00SKPP6C4,Not found...,iphone6 / 6 plus　超軽量 耐衝撃 ハード ケース / カバー アイフォン スマホ アルミ お手入れシート付き【Willcast】
195,B07VMSZ129,4944821972619,サトウのごはん 大盛 200ｇ 銘柄米 4種 15食セット 宮城県産ひとめぼれ　北海道産ななつぼし 秋田県産あきたこまち 北海道産きらら397
196,B09CGGPVN6,Not found...,【精米】お米 2合 真空パック
197,B09DPJZQHT,Not found...,米穀店食の健康社 お米 ギフト 個包装 挨拶 / お礼 ( 手提げ袋付き )
198,B07S6R73NG,4944821952710,テーブルマーク 全国ご当地 銘柄米ごはん 24食セット ひとめぼれ こしひかり つや姫 あきたこまち ななつぼし ゆめぴりか
199,B07SG1FLBW,Not found...,平飼い有精卵 (広島県 はやしなちゅらるふぁーむ) ふるさと21
200,B07B2YGL3R,4944821830513,東洋ライス レトルトごはん 玄米 パックごはん 15食セット
201,B00QJMR1E6,4560310250534,日本の米麺 関西風うどん　120g×3食（スープ付）
202,B07V5H1DTB,Not found...,【精米】【コシヒカリ】メッセージ プレゼント 「ささやかですが感謝の気持ちです」 ギフト ありがとう 感謝 300g 送料無料
203,B07X6DHSJQ,Not found...,【精米】【コシヒカリ】敬老の日 メッセージ プレゼント 「おばあちゃん いつもありがとう」 ギフト ありがとう 感謝 300g 送料無料
204,B07X111N73,Not found...,【精米】【コシヒカリ】敬老の日 メッセージ プレゼント 「いつまでもげんきでいてね」 ギフト ありがとう 感謝 300g 送料無料
205,B07VWTVGWF,Not found...,【精米】【コシヒカリ】メッセージ プレゼント 3個セット 「感謝」 ギフト ありがとう 感謝 300g×3個 送料無料
206,B07VWTFYG8,Not found...,【精米】【コシヒカリ】メッセージ プレゼント 3個セット 「ほんの気持ちです」 ギフト ありがとう 感謝 300g×3個 送料無料
207,B08WX2QXJT,Not found...,オーガニックエッグ 有機卵 有機JAS (北海道 Farm Agricola) 産地直送 ファームアグリコラ たまご ふるさと21
208,B00T6T7E4Q,Not found...,iphone6 / 6 plus バッグ 風 デコ キルティング ケース / カバー アイフォン 手帳 型　【Willcast】
209,B00900QMZI,Not found...,25年度 広島県産あきたこまち 1等米5kg 5分づき(精米時4.7kg)
210,B00900R1GW,Not found...,24年度 広島県産あきたこまち 1等米5kg 玄米
211,B07V6FVF5S,Not found...,【精米】【コシヒカリ】メッセージ プレゼント 「感謝」 ギフト ありがとう 感謝 300g 送料無料
212,B004SUJP68,4580316392069,平成23年度産【特別栽培米】あきちゃん推薦の広島県産コシヒカリ 5kg 「金賞」受賞 特別感謝 西日本 送料無料　注文時精米だから新鮮
213,B00IPYAUZI,Not found...,平成二十五年 広島県三次市産 ひとめぼれ 100％ 10kg 「玄米のままお届け」
214,B004TG5GS2,4580316392410,注文時精米で新鮮 平成23年度産 契約栽培米 広島県産 ミルキークィーン 10kg 5kg×2 西日本 送料無料
215,B07QGJ45FL,Not found...,【精米】広島県産 カルゲン米 コシヒカリ 1500g 10合 白米 レターパック 送料無料
216,B00900SBRA,Not found...,広島県産　5分づき(精米時9.5kg)　あきたこまち　10kg　 平成25年産　1等米
217,B009SGOL7A,Not found...,広島県産　5分づき(精米時9.5kg)　コシヒカリ　10kg 　 平成25年産　1等米
218,B00FOR1X2I,4580316393707,あきちゃん 広島県産 コシヒカリ 幻のカルゲン米 5kg 平成25年度産
219,B00CJD7LOO,Not found...,ミルキークイーン ・ ミックス ＜棚田米＞　10kg（5kg×2袋）　広島県産 (3分精米)
220,B00CJD7LMQ,Not found...,ミルキークイーン・ミックス＜棚田米＞　10kg（5kg×2袋）　広島県産 (玄米)
221,B010JK6HS4,Not found...,広島県産　白米(精米時9.1kg)　あきたこまち 10kg　 平成26年産　1等米
222,B00PRFMPO2,Not found...,日本の米麺 中麺　120g×2袋　グルテンフリー
223,B00FRZK076,Not found...,【精米】 北海道産ななつぼし 平成２９年産 特Aランク米 10ｋｇ
224,B009P0PR22,Not found...,コシヒカリ　白米　１８ｋｇ　無農薬・有機肥料で作った猪上さんの米
225,B004WSJR82,4580316392465,送料無料 平成22年度 こしひかり ひのひかり ひとめぼれ 300g×3袋 厳選お試しセット
226,B004TG6RVC,4580316392434,送料無料 注文時精米で新鮮 平成23年度産 幻の最高級 契約栽培米 新米 広島県産 夢ごこち 10kg 5kg×2 西日本 送料無料
227,B00FOR2ON0,4580316393714,あきちゃん 広島県産 コシヒカリ 幻のカルゲン米 10kg（5kg×1袋） 平成25年度産
228,B009SGN53G,Not found...,【送料無料】24年度 広島県産コシヒカリ 1等米5kg 玄米
229,B009SGQUGA,Not found...,【送料無料】広島県産　3分づき(精米時4.8kg)　コシヒカリ　5kg　 平成25年産　1等米
230,B00900S4PY,Not found...,広島県産　　 ７分づき(精米時9.3kg)　あきたこまち　10kg　 平成25年産　1等米
231,B004TPGXYY,4580316392441,平成23年度産【特別栽培米】あきちゃん推薦の広島県産コシヒカリ10kg(5kg×2袋) 「金賞」受賞 送料無料 注文時精米で新鮮
232,B00IPXYX5M,Not found...,平成二十五年 広島県三次市産 ひとめぼれ 100％ 20kg（10kg×2） 「白米に精米」
233,B009SGS5GS,Not found...,広島県産 ７分づき(精米時4.7kg) コシヒカリ 5kg 平成25年産 1等米
234,B009SGRLE0,Not found...,広島県産　5分づき(精米時4.7kg)　コシヒカリ　5kg　 平成25年産　1等米
235,B0855MRGBC,Not found...,［ニーマンバイ］ オープンショルダー 半袖 ワンピース 膝丈 無地 ドレス レディース S～3XL
236,B08G4MBB31,Not found...,[エアバイ] 長袖 5色展開 ストライプ シャツ メンズ A081 M〜3XL
237,B08XY5Y5N4,Not found...,[ニーマンバイ] 裾 ドレープ ブラウス プルオーバー スキッパー シャツ レディース M～4XL
238,B09FSYW526,Not found...,［エアバイ］ ボンボン付き フード コーディガン ライトアウター カーディガン かーでがん レディース S~XL
239,B078SXMPNS,Not found...,(Make 2 Be) デニム 豊富なサイズ ストレート ジーンズ ゆったり ワイド ジーパン メンズ 27-48 インチ MF64
240,B09H32KGSQ,Not found...,[エアバイ] 中綿 ショートコート ダウン風 フード付き パーカー アウター レディース S~XL
241,B08HXZT3X5,Not found...,[セカンドルーツ] パーカー スウェット 裏起毛 スエード エルボーパッチ フーディ スエット トレーナー メンズ M〜XL
242,B09DR5RRRP,Not found...,[バンタン] 30枚入り スヌーピー大人用マスク スヌーピーマスク 3層 不織布マスク スヌーピー マスク 不織布
243,B09CPNRCYY,Not found...,【JIST9001実証試験済みデータ取得　適合番号42109090】日本製 マスク mask 個包装 不織布 使い捨て通気性 高密度なフィルター ホワイト 3層構造 30枚入り 幅広耳紐 カケンテストセンター検査済 AIRFORT Toptop エアーフォート VFE BFE PFE 粉塵 風邪 PM2.5 花粉粒子等を99.9 ％ブロック　蒸れない　耳が痛くならない
244,B09BQ57JMV,4979607009814,マスク　不織布　スヌーピー（ハグバージョン）30枚入りBOXマスク　個別包装
245,B08QMWGRLQ,Not found...,マスク Victorian Mask (ヴィクトリアンマスク) [正規品] [テレビで多数紹介の注目マスク/メガネが曇りにくい/口紅が付きにくい] 不織布 不織布マスク 個別包装
246,B08QT86VG7,Not found...,サンリオ(SANRIO) ボックス入りマスク30枚入り
247,B0923B9GSS,4979607009739,スヌーピー（Team Peanuts）30枚入りBOXマスク　不織布　個別包装
248,B09HLYYNT9,Not found...,不織布マスク カラーマスク ダイヤモンド型
249,B09G9LD91Y,Not found...,ST-TRADE商標取得済み ST快適立体マスク 120枚入り 4層フィルター構造（メルトブロー不織布2重）口紅がつきにくい 個別包装ST-TRADE立体マスク120枚入り】
250,B08XZTF4WX,4979607009708,プリンセス 大人用不織布マスクBOX30枚入
251,B0967DWFXB,Not found...,4層マスク 使い捨て 不織布 4層 カラー 99%カット 大人用 成人 子ども用 男女兼用 ウイルス対策 防塵 花粉 風邪 まとめクーポン [並行輸入品]
252,B0967TXGS7,Not found...,G-craft スパンレース ファッションカラーマスク 30枚5色入り 不織布 個包装 優しい肌触り サイズSMLあり ニュアンスカラー 血色 ヌードカラー パステルカラー ダークカラー
253,B09BCCNR6P,Not found...,アイリスオーヤマ ディスポーザブル プリーツ型マスク
254,B09439FXYG,Not found...,kf94 マスク 同型 立体マスク 正規品 3dマスク 不織布 小顔 4層構造 個包装 使い捨て メガネが曇りにくい 呼吸しやすい 口紅に付かない 耳が痛くならない ピンク ベージュ
255,B094Y3YMKN,Not found...,不織布 マスク 立体3Dマスク 個包装 30枚入り 3 層構造 使い捨て 平ゴム 個包装
256,B097GSLZ35,Not found...,日本製 マスク 不織布 個包装　30枚入り　箱　立体マスク　春マスク　夏マスク　 4層構造の3D立体型マスク　おしゃれなデザイン 衛生的な個別包装 高性能…
257,B09876ZQ4Z,Not found...,Fkstyle 不織布 マスク 50枚入り 使い捨て カラー
258,B09BTZC1X4,Not found...,【3個セット】アイリスオーヤマ マスク やわらかマスク
259,B093718YTZ,Not found...,HOKU サージカルマスク ブラック KUROMASK 30枚入り カケン認証 PFE99% 使い捨てマスク 不織布 黒 MA-BK
260,B09CYBYFRK,Not found...,雑貨の国のアリス 不織布マスク 30枚入り 使い捨て 4層構造 99%カット 大人用 成人 男女兼用 ウイルス対策 防塵 花粉 風邪
261,B0923NH9T3,Not found...,マスク　日本製　【黒】　不織布　黒　ブラック　30枚入り　箱　立体マスク　春マスク　夏マスク　秋冬も　使い捨て 4層構造の3D立体型マスク　個別包装 高性能マスク 立体構造 4層…
262,B08X9WVGGY,Not found...,KF94 エアウォッシャー4層構造マスク 10枚／30枚 ／50枚 韓国大手LG製 個別包装 飛沫防止
263,B08LVC2658,Not found...,成人用マスク 50枚入り 女性用 不織布 三層構造使い捨て プリーツ型マスク カラーマスク
264,B095YD2FWJ,Not found...,【不織布マスク】アエナ　立体使い捨て不織布マスク　50枚入/51枚入　Lサイズのみ30枚入
265,B09GSD1Q4F,Not found...,大人用30枚入りBOXマスク (個包装)
266,B09DPFYCFQ,4571588984014,立体マスク 普通サイズ 大人用 個別包装 柳葉型 KF94型 30枚 不織布マスク ホワイト
267,B08NVPZJRC,4967576506021,アイリスオーヤマ ディスポーザブル マスク 不織布 30枚×3個セット 小さめ 20PN-30PS
268,B09669GN2R,4580492420822,日本製 マスク 不織布 個包装　30枚入り　箱　立体マスク　春マスク　夏マスク　 4層構造の3D立体型マスク　おしゃれなデザイン 衛生的な個別包装 高性能…
269,B098N8D5WP,Not found...,フラワー 花柄 マスク サージカルマスク 使い捨てマスク 175mm 17.5cm 四層構造 不織布マスク フィルター内蔵 ウイルス飛沫 PM2.5 99%カット 10枚入り・3パック 30枚 [並行輸入品]
270,B098HXZP87,4979607009784,バーバパパ30枚入りBOXマスク　不織布　個別包装
271,B08XBGKLVN,Not found...,海外セレブリティ愛用 高機能マスク evolvetogether(イヴォルブトゥギャザー) NY発 三層構造 不織布 使い捨て (30枚入り)
272,B09F2NVF62,Not found...,日本製 個包装 KF94型マスク プリーツ型カラーマスク 30枚 23色 不織布マスク 男女兼用 子供用
273,B0957JP1R5,Not found...,マスク 枚 日本製 不織布マスク 個包装 通気性抜群 夏用可 使い捨てマスク 【日本国内カケンテスト認証済】 三層構造不織布マスク 蒸れない サラサラマスク 箱付き 男女兼用 レギュラー
274,B098N7ZTM6,Not found...,ドット柄 マスク サージカルマスク 使い捨てマスク 175mm 17.5cm 四層構造 不織布マスク フィルター内蔵 ウイルス飛沫 PM2.5 99%カット 10枚入り・3パック 30枚 [並行輸入品]
275,B096BG3WL4,Not found...,【Amazon限定ブランド】Coolth Style【日本製】不織布カラーマスク 99%カード 三層構造 使い捨てマスク 【日本国内カケンテスト認証済】国産 不織布 マスク (個包装 30枚)
276,B08V8D36YF,4562473881433,【日本製】3AIR　日本製マスク　不織布マスク　30枚入り　普通サイズ　個別包装　３層フィルターで99%徹底カット
277,B09713YG5M,Not found...,【Amazon限定ブランド】Coolth Style 日本製 子供用 不織布マスク 個包装 50枚 使い捨てマスク 【日本国内カケンテスト認証済】高機能 日本製マスク サイズ：14.5×9.5cm
278,B09BHDH82V,Not found...,KF94マスク 個包装 3D立体構造 高い捕集率 口紅が付きにくい レギュラーサイズ ホワイト 不織布マスク お出かけ安心 男女兼用
279,B0936YJ9Y8,Not found...,HOKU サージカルマスク グレータイプ GRAYMASK 30枚入り カケン認証 PFE99% 使い捨てマスク 不織布 MA-GR
280,B09DPD5ZM8,Not found...,ALLONE 個包装 柳葉型 KF94型 30枚/60枚/150枚 不織布マスク 普通サイズ 広耳タイプ耳紐 大人用
281,B08H51T9L5,4548848880348,在庫処分 送料無料 (一部地域除く) 遠赤外線暖房機 セラムヒート マットホワイト ダイキン　DAIKIN ERFT11XS-W セール sale おしゃれ おすすめ キャンプ 送料無料
282,B015FFZ5GI,4562302031732,【SALE！1000円OFF】メーカー直販！上撰ブラックジンガー玄米コーヒー100g
283,B07PHWT86Z,Not found...,のぼり １円ぱちんこ のぼり旗
284,B09GRZ6BH5,Not found...,[山善] セラミックファンヒーター/スタンダード
285,B07HCY2QWC,Not found...,YAMAZEN オイルヒーター
286,B0066EM15G,4580331153010,[ハガティー] Hagerty シルバー　クリーン　ミニ　50ml
287,B09C84XPTY,Not found...,[1/2style (ニブンノイチスタイル)] 薄手 裏 起毛 フード 長袖 無地 ビッグ ジップ アップ パーカー レディース
288,B08P8934RG,Not found...,[1/2style (ニブンノイチスタイル)] 大人 かわいい フード 付き ジップ ビッグ ブルゾン パーカー レディース Ｍ～XXL
289,B00F15ZO3W,4580331153027,[ハガティー] Hagerty ジュエル　クリーン　ミニ　50ｍｌ
290,B009FTFHMI,4983771883972,山善 遠赤外線カーボンヒーター(リモコン付き) ブラック DC-VJ092(B)
291,B01CQO07QY,Not found...,[アンバイルシウス] ドライビングシューズ スリッポン デッキ メンズ カジュアルシューズ 直営店 WEB NET ネット 通販 モカシン ローファー オペラシューズ 全16色
292,B09GLYQX9M,Not found...,[1/2plus(ニブンノイチプラス)] 大人 オシャレ 春 秋 冬 カラー モッズ フード コート レディース
293,B009FTFDZY,4983771883958,山善 遠赤外線カーボンヒーター(リモコン付き) ナチュラルホワイト DC-RK091(W)
294,B09HTMG12Z,Not found...,[ニブンノイチスタイル] 1/2style 大きめ ビジネス ショート 丈 トレンチ カジュアル コート レディース
295,B009FTFDF4,4983771883941,山善 遠赤外線カーボンヒーター ナチュラルホワイト DC-K091(W)
296,B009ELFXHG,4983771884207,山善 遠赤外線カーボンヒーター(リモコン付き) ブラック DCT-RL091(B)
297,B09B3DKFST,Not found...,[1/2style(ニブンノイチスタイル)] 大きめ ビッグ サイズ 厚手 ロング 丈 ネイビー カーキ キャメル ビジネス チェスター コート レディース
298,B009B516MG,4983771884177,山善 遠赤外線カーボンヒーター ナチュラルホワイト DCT-J062(W)
299,B07C1CKLBR,Not found...,スミティ (Smiti) モデル ハンド 木製 男性/女性/子供 サイズ (右手/左手)
300,B00VORVEPS,Not found...,スミティ (Smiti) デッサン人形 木製 3サイズ
301,B089G6WWY7,Not found...,[ナチュシー] ランニング シューズ スポーツ エクササイズ ジョギング スニーカー エアー 2020 モデル
302,B07RN5BDQL,Not found...,【Smile LaLa】 レディース ブラ ブラジャー ショーツ 上下 セット 勝負 下着 セクシー レース 女性
303,B09FKQYZHZ,Not found...,【Laulea Akoakoa】 レディース ブラ ブラジャー ショーツ 上下 セット カラバリ シンプル レース 勝負 下着
304,B004EXMRYQ,Not found...,ブラック 黒レースのバストアップベビードール babydoll Baby Doll
305,B09GRD972B,Not found...,[サンカク] シンプルニット 14カラー ハイネック 丸首 カシミアタッチ 薄手ニット 大人 無地 レディース S~2XL
306,B07N8RHS9Q,Not found...,"Kids Foret（キッズフォーレ） ポップな総柄キッズエプロン（三角巾付き）B11861 (L（120～140cm）, クッキング柄（オフホワイト）)"
307,B086TVW9FK,Not found...,【Laulea Akoakoa】 レディース ブラジャー ショーツ Tシャツ ブラ 上下 セット シームレス シンプル 女性
308,B07BPBM4Z5,Not found...,(Make 2 Be) メンズ レディース スニーカー 軽量 ランニング ジョギング 衝撃緩和 スポーツ 通学 防水 MF73
309,B00FRFDO6K,Not found...,花旅楽団[ﾊﾅﾀﾋﾞｶﾞｸﾀﾞﾝ] 髑髏柄三味線柄刺繍 リバーシブル和柄スカジャン/SKJ-67
310,B0843R3RGS,Not found...,(リップスター) LIPSTAR 高密度スタンドスプリングコート 610491001
311,B078LXCNHV,Not found...,［アナトレ］ レディース シフォン 切り替え フレア Aライン ニット トップス 長袖 ワンピース
312,B07VQT4VZR,Not found...,ルームシューズ メンズ レディース 夏春 スリッパ 室内履き 親子お揃い 男女ペア 親子ペアルック サンダル 安心スリッパ かわいい ネコ ペア スリッパ 可愛い 滑り止め ハウススリッパ 歩きやすい 室内スリッパ 来客用 夫婦 家族 Hosam
313,B07VQT4YRR,Not found...,ルームシューズ 室内 スリッパ 春 夏 メンズ レディース カップルスリッパ 麻 ジュート サンダル 涼しい 蒸れない おしゃれ かわいい リネン 春用 夏用 秋用 ハウススリッパ 洗えるスリッパ 来客用 室内履き リネンスリッパ 室内スリッパ 父の日 ギフト
314,B07V76J8ZK,Not found...,コンプレッションウェア メンズ 加圧シャツ 長袖 スポーツシャツ Hosam 加圧 UVカット 吸汗速乾 接触冷感 スポーツウェア 機能性 快適 着圧インナーシャツ アンダーウェア トレーニングウェア 筋トレ フィットネス ゴルフ 野球 ジム ランニング
315,B07VBFX4QP,Not found...,スポーツウェア メンズ Vネックトレーニングウェア Tシャツ Hosam ストレッチ 半袖 スポーツシャツ ボタン 夏服 無地 筋トレ ジムtシャツ スポーツ フィットネスウェア ジャージ 吸汗速乾 機能性 ルームウェア スウェット ジム 大きいサイズ
316,B07BRW4TYZ,Not found...,キッズ シューズ 子供 くつ スエード ローファー 靴底 滑り止め 仕様
317,B00SKPP6C4,Not found...,iphone6 / 6 plus　超軽量 耐衝撃 ハード ケース / カバー アイフォン スマホ アルミ お手入れシート付き【Willcast】
318,B07VQT5PDT,Not found...,面白い ペア スリッパ ー あひる サンダル アヒル ルームシューズ メンズ レディース 室内履き 親子お揃い シャワーサンダル かわいい 滑り止め ハウススリッパ 室内スリッパ 夏春スリッパ ルームスリッパ シューズ ビーチサンダル お風呂
319,B019D6OASY,Not found...,【TMD】クリスマス ニーハイ ストッキング タイツ コスプレ/Xmas
320,B007H7J1HM,Not found...,夢見るフリルのベビードール babydoll Baby Doll
321,B08KDL8RVS,Not found...,NEW コードレスヘアアイロン ヒートイオンボーテ2.0
322,B08DY4BCTP,4580412817503,BnetSupport SS Shiny コードレスヘアアイロン free curl S SIJ-001
323,B095HRBKZH,Not found...,マスク 使い捨て 50枚 ＋1枚 BFE99％ プレミアム品質 いつものマスク
324,B09FLG4RRD,Not found...,KT kf94　マスク 50枚入り 使い捨て 不織布 4層 カラー 99%カット 大人用 立体構造 男女兼用 飛沫防止 [並行輸入品]
325,B09B8S84HC,Not found...,プラスライフ 不織布マスク 接触冷感マスク 肌触り良い カラーマスク ウルトラシルキー
326,B097L564X8,Not found...,不織布マスク 接触冷感 50枚入り 普通サイズ 使い捨て 冷たい 三層構造
327,B09876ZQ4Z,Not found...,Fkstyle 不織布 マスク 50枚入り 使い捨て カラー
328,B018G20FMQ,4979607500908,日本マスク サージカルマスク 50枚入りBOX
329,B093Q4P518,8809740190017,KF94 3D立体型マスク【50枚入り】 個別包装 4層構造 高機能性 韓国製 不織布マスク 衛生マスク 花粉症 使い捨て
330,B086PHTP4R,4570065340008,マスク 50枚入り 使い捨て 10枚入り×5セット 不織布 10個包装
331,B08WXD4DV3,Not found...,【血色マスク】2色入り50枚 カラーマスク 血色 不織布 おしゃれ 個包装 使い捨て
332,B09713YG5M,Not found...,【Amazon限定ブランド】Coolth Style 日本製 子供用 不織布マスク 個包装 50枚 使い捨てマスク 【日本国内カケンテスト認証済】高機能 日本製マスク サイズ：14.5×9.5cm
333,B08SHJ67X6,Not found...,マスク 50枚 不織布マスク 3層構造 レースマスク レース柄 使い捨て 飛沫防止 花粉対策 防護マスク 防塵マスク CHENSEN
334,B01EUQTECY,Not found...,3M 使い捨て式防じんマスク 8205-DS2 国家検定合格品
335,B09J4YQ1BY,Not found...,Made of soft and breathable 3-layer non-woven fabric
336,B08XWHQ4KR,4571565630019,【日本国内検品済】プレミアム 4層マスク 50枚入り 個包装 不織布 ホワイト 使い捨て
337,B08VVV9NTG,4562350980488,使い捨てマスク カラー不織布マスク ふつうサイズ 50枚入グレー
338,B08X9WVGGY,Not found...,KF94 エアウォッシャー4層構造マスク 10枚／30枚 ／50枚 韓国大手LG製 個別包装 飛沫防止
339,B099RDYY9R,Not found...,プラスライフ 不織布マスク
340,B08BFV8PBZ,4580355888233,[両面テープ付き]マスク取替えコットンシート 50枚入り×２セット（100枚）使い捨てマスク マスクフィルター
341,B08VWZVNDC,4562350980556,使い捨てマスク カラー不織布マスク ふつうサイズ 50枚入 ベージュ
342,B08W9RPF3G,Not found...,マスク 日本製 高機能 抗菌 消臭 ダブルメタルイオン 個別包装 使い捨て三層 マスク　50枚（5枚入り10パック）
343,B096X2NW5B,Not found...,プラスライフ 不織布マスク ふつうサイズ 使い捨て 個包装 50枚入り
344,B08H7S7WC1,4580616611754,[Amazon限定ブランド] HOC アッシュ グレー マスク 50枚 使い捨て 個包装 3層構造 不織布マスク グレーマスク グレー
345,B09BMTGBYK,Not found...,【Amazon限定ブランド】日本製 息楽 マスク 不織布 個包装 4段オメガプリーツ 6MM幅広ゴム 50枚入り 使い捨て
346,B089N97642,Not found...,子供用マスク ジュニアマスク 使い捨て 50枚入り 三層マスク 子供サイズ マスク mask2864
347,B08HJDLKVH,Not found...,使い捨てマスク
348,B088N5VBCS,Not found...,不織布マスク 個包装 三層構造 立体プリーツ 使い捨て ふつうサイズ 男女兼用 50枚入り
349,B08J3LV3S2,Not found...,成人用マスク 使い捨てマスク 50枚入り 不織布 3層構造 高密度 フィルター素材 お出かけ安心 通気性 ふつうサイズ 男女兼用 箱付き カラー
350,B08LD4TGRN,Not found...,Santek 不織布マスク 使い捨て 3層フィルター 大人用
351,B08LVC2658,Not found...,成人用マスク 50枚入り 女性用 不織布 三層構造使い捨て プリーツ型マスク カラーマスク
352,B08RJ419Y5,Not found...,使い捨て マスク 50枚入り 不織布 3層構造 猫柄 花柄 肉球柄 フェイスマスク マスク 弾性イヤーループ付き クリスマス ハロウィン 普通サイズ 男女兼用
353,B094XPB5VC,4562326486075,マスク 夏用 ひんやり 接触冷感 不織布 接触冷温感0.332 使い捨て 不織布マスク ホワイト 大人用 50枚入り 2個セット 100枚
354,B0957JP1R5,Not found...,マスク 枚 日本製 不織布マスク 個包装 通気性抜群 夏用可 使い捨てマスク 【日本国内カケンテスト認証済】 三層構造不織布マスク 蒸れない サラサラマスク 箱付き 男女兼用 レギュラー
355,B09GP9LV8F,Not found...,【Amazon限定ブランド】【日本製】 黒 ネイビー 不織布マスク 99%カード 個包装 50枚 日本製 三層構造【九州工場直販】 使い捨てマスク 【日本国内カケンテスト認証済】日本製不織布マスク
356,B08HVMQLC7,Not found...,【広耳 日本国内検品】マスク 個包装 不織布 三層構造使い捨て プリーツ型マスク
357,B098F4VFZV,Not found...,SANTEK KIDS用 不織布マスク 子供用 10枚入5種類アソートセット 50枚入り 耳が痛くならない かわいい おしゃれ 使い捨て 裏表 立体 3層構造 男女兼用 夏マスク やわらかい 息がしやすい
358,B09GP2LK5R,Not found...,【Amazon限定ブランド】【日本製 カラーマスク】 ピンク色 不織布マスク 99%カード 個包装 50枚 日本製 三層構造【九州工場直販】 使い捨てマスク 【日本国内カケンテスト認証済】日本製不織布マスク (ピンク)
359,B092TT81DR,Not found...,ナノAG+AIRマスク
360,B09BQFRXYY,Not found...,日本国内検品 マスク 小さめ 個包装 子供用 女性用 こども用 不織布 使い捨てマスク
361,B08TCDXDHJ,Not found...,個包装 マスク 黒 50枚入り 2箱 サージカルマスク 不織布 使い捨てマスク 日本国内検品済 普通サイズ 男女兼用
362,B09H2WKT2Q,Not found...,使い捨てマスク カラー不織布マスク ふつうサイズ 50枚入 ピンク
363,B09GLW7XGL,Not found...,[1/2plus(ニブンノイチプラス)] 大人 ゆったり コクーン フード グランド ミリタリー コート レディース
364,B09GLYQX9M,Not found...,[1/2plus(ニブンノイチプラス)] 大人 オシャレ 春 秋 冬 カラー モッズ フード コート レディース
